PNa,PNc,PV,SOM,CR
25.903614457831324,21.62162162162162,25.0,71.42857142857146,0.08095394376982826
0.0,0.0,0.0,0.0,0.0
0.0,0.0,0.0,0.0,0.0
5.421686746987952,9.90990990990991,3.5714285714285716,0.0,0.0
0.0,0.0,0.0,0.0,0.0
0.0,0.0,0.0,0.0,0.0
1.405622489959838,0.9009009009009002,2.380952380952379,0.0,0.0
0.0,0.0,0.0,0.0,0.0
0.0,0.0,0.0,0.0,0.0
0.6024096385542186,0.9009009009009035,2.3809523809523876,28.571428571428548,0.03938299967180832
