base,cut_pv,cut_som,cut_cr
0.0005240219043682028,0.00026357492329446305,0.00046754378225593056,0.0005997062600419467
