case1,case2,case3,case4,case5,case6
2.1734586260159016e-05,0.00023496517759652642,0.0005240219043682028,9.896607156625795e-05,2.4035430885355122e-05,1e-05
