case1,case2,case3,case4,case5,case6
2.0861510488751998e-05,0.0002136167200810119,0.0004900359359250857,9.775151970745924e-05,3.475332765067413e-05,1e-05
