base,cut_pv,cut_som,cut_cr
0.0005240219043682028,0.00040,0.00035,0.00045
